<application>
  <component name="FindSettings">
    <option name="customScope" value="Project Files" />
    <option name="defaultScopeName" value="Project Files" />
    <option name="localRegularExpressions" value="true" />
    <option name="LOCAL_REGULAR_EXPRESSIONS" value="true" />
    <option name="SEARCH_SCOPE" value="Project Files" />
    <mask>*.xml</mask>
    <mask>*.htm</mask>
    <mask>*.shtml</mask>
    <mask>*.shtm</mask>
    <mask>*.sht</mask>
    <mask>*.ng</mask>
    <mask>*.ats</mask>
    <mask>*.cjs</mask>
    <mask>*.js</mask>
    <mask>*.css</mask>
    <mask>.spec.ts</mask>
    <mask>.stories</mask>
    <mask>*.sql</mask>
    <mask>*.spec.ts</mask>
    <mask>*.pom.ts, *spec.ts</mask>
    <mask>*.html</mask>
    <mask>*.story.ts</mask>
    <mask>*.ts</mask>
  </component>
</application>