<application>
  <component name="GeneralSettings">
    <option name="showTipsOnStartup" value="false" />
    <option name="autoSaveFiles" value="false" />
    <option name="confirmOpenNewProject2" value="0" />
  </component>
  <component name="Registry">
    <entry key="debugger.watches.in.variables" value="false" source="SYSTEM" />
    <entry key="debugger.new.tool.window.layout" value="true" source="SYSTEM" />
    <entry key="ide.experimental.ui" value="true" source="SYSTEM" />
    <entry key="enable.connection.configuration.widget" value="false" source="SYSTEM" />
    <entry key="ide.text.fractional.metrics" value="[Auto|Disabled|Enabled*]" source="SYSTEM" />
    <entry key="editor.text.fractional.metrics" value="[Auto|Disabled|Enabled*]" source="SYSTEM" />
    <entry key="THIN_CLIENT_EXTERNAL_SYSTEM.system.in.process" value="true" source="SYSTEM" />
  </component>
  <component name="StatusBar">
    <option name="widgets">
      <map>
        <entry key="CwmWireStatsWidgetFactory" value="false" />
        <entry key="Memory" value="true" />
        <entry key="ReadOnlyAttribute" value="false" />
      </map>
    </option>
  </component>
</application>