<application>
  <component name="DimensionService">
    <location key="find.popup.0.0.1920.1080" x="726" y="95" />
    <location key="find.popup.0.0.3456.2234@192dpi" x="1232" y="254" />
    <location key="find.popup.1728.0.1920.1080" x="2412" y="95" />
    <location key="find.popup.-849.-1080.1920.1080" x="-125" y="-985" />
    <location key="find.popup.-2560.-54.2560.1440" x="-1594" y="72" />
    <location key="find.popup.-192.-1080.1920.1080" x="534" y="-985" />
    <location key="find.popup.-1920.0.1920.1080" x="-1194" y="95" />
    <location key="find.popup.3456.0.3840.2160@192dpi" x="4906" y="190" />
    <location key="find.popup.1728.-323.2560.1440" x="2696" y="-196" />
    <location key="find.popup.3648.0.1920.1080" x="3996" y="112" />
    <location key="find.popup.1728.0.2560.1440" x="2693" y="127" />
    <location key="find.popup.-2560.-400.2560.1440" x="-1595" y="-273" />
    <location key="find.popup.0.0.3840.2160@192dpi" x="1448" y="190" />
    <location key="find.popup.-2560.-323.2560.1440" x="-1593" y="-197" />
    <location key="find.popup.1728.57.1920.1080" x="2453" y="152" />
    <size key="GridCell.Tab.0.left.0.0.1920.1080" width="1273" height="670" />
    <size key="GridCell.Tab.0.center.0.0.1920.1080" width="1273" height="670" />
    <size key="GridCell.Tab.0.right.0.0.1920.1080" width="1273" height="670" />
    <size key="GridCell.Tab.0.bottom.0.0.1920.1080" width="1273" height="670" />
    <size key="GridCell.Tab.1.left.0.0.1920.1080" width="1205" height="572" />
    <size key="GridCell.Tab.1.center.0.0.1920.1080" width="1205" height="572" />
    <size key="GridCell.Tab.1.right.0.0.1920.1080" width="1205" height="572" />
    <size key="GridCell.Tab.1.bottom.0.0.1920.1080" width="1205" height="572" />
    <size key="find.popup.0.0.1920.1080" width="1192" height="837" />
    <size key="GridCell.Tab.0.left.0.0.3456.2234@192dpi" width="2334" height="776" />
    <size key="GridCell.Tab.0.center.0.0.3456.2234@192dpi" width="2334" height="776" />
    <size key="GridCell.Tab.0.right.0.0.3456.2234@192dpi" width="2334" height="776" />
    <size key="GridCell.Tab.0.bottom.0.0.3456.2234@192dpi" width="2334" height="776" />
    <size key="GridCell.Tab.1.left.0.0.3456.2234@192dpi" width="3292" height="1060" />
    <size key="GridCell.Tab.1.center.0.0.3456.2234@192dpi" width="3292" height="1060" />
    <size key="GridCell.Tab.1.right.0.0.3456.2234@192dpi" width="3292" height="1060" />
    <size key="GridCell.Tab.1.bottom.0.0.3456.2234@192dpi" width="3292" height="1060" />
    <size key="find.popup.0.0.3456.2234@192dpi" width="2224" height="1676" />
    <size key="find.popup.1728.0.1920.1080" width="1236" height="835" />
    <size key="find.popup.-849.-1080.1920.1080" width="1067" height="835" />
    <size key="find.popup.-2560.-54.2560.1440" width="1501" height="1113" />
    <size key="find.popup.-192.-1080.1920.1080" width="1193" height="837" />
    <size key="GridCell.Tab.0.left.1728.-323.2560.1440" width="2478" height="511" />
    <size key="GridCell.Tab.0.center.1728.-323.2560.1440" width="2478" height="511" />
    <size key="GridCell.Tab.0.right.1728.-323.2560.1440" width="2478" height="511" />
    <size key="GridCell.Tab.0.bottom.1728.-323.2560.1440" width="2478" height="511" />
    <size key="GridCell.Tab.0.left.-192.-1080.1920.1080" width="943" height="570" />
    <size key="GridCell.Tab.0.center.-192.-1080.1920.1080" width="943" height="570" />
    <size key="GridCell.Tab.0.right.-192.-1080.1920.1080" width="943" height="570" />
    <size key="GridCell.Tab.0.bottom.-192.-1080.1920.1080" width="943" height="570" />
    <size key="find.popup.-1920.0.1920.1080" width="1193" height="837" />
    <size key="find.popup.3456.0.3840.2160@192dpi" width="2252" height="1670" />
    <size key="GridCell.Tab.0.left.-1920.0.1920.1080" width="1481" height="517" />
    <size key="GridCell.Tab.0.center.-1920.0.1920.1080" width="1481" height="517" />
    <size key="GridCell.Tab.0.right.-1920.0.1920.1080" width="1481" height="517" />
    <size key="GridCell.Tab.0.bottom.-1920.0.1920.1080" width="1481" height="517" />
    <size key="find.popup.1728.-323.2560.1440" width="1590" height="1116" />
    <size key="find.popup.3648.0.1920.1080" width="1128" height="836" />
    <size key="find.popup.1728.0.2560.1440" width="1423" height="1114" />
    <size key="find.popup.-2560.-400.2560.1440" width="1423" height="1114" />
    <size key="find.popup.0.0.3840.2160@192dpi" width="2134" height="1670" />
    <size key="GridCell.Tab.0.left.1728.0.1920.1080" width="1838" height="347" />
    <size key="GridCell.Tab.0.center.1728.0.1920.1080" width="1838" height="347" />
    <size key="GridCell.Tab.0.right.1728.0.1920.1080" width="1838" height="347" />
    <size key="GridCell.Tab.0.bottom.1728.0.1920.1080" width="1838" height="347" />
    <size key="GridCell.Tab.0.left.3648.0.1920.1080" width="1281" height="683" />
    <size key="GridCell.Tab.0.center.3648.0.1920.1080" width="1281" height="683" />
    <size key="GridCell.Tab.0.right.3648.0.1920.1080" width="1281" height="683" />
    <size key="GridCell.Tab.0.bottom.3648.0.1920.1080" width="1281" height="683" />
    <size key="GridCell.Tab.1.left.1728.0.1920.1080" width="1838" height="347" />
    <size key="GridCell.Tab.1.center.1728.0.1920.1080" width="1838" height="347" />
    <size key="GridCell.Tab.1.right.1728.0.1920.1080" width="1838" height="347" />
    <size key="GridCell.Tab.1.bottom.1728.0.1920.1080" width="1838" height="347" />
    <size key="GridCell.Tab.2.left.1728.0.1920.1080" width="1838" height="347" />
    <size key="GridCell.Tab.2.center.1728.0.1920.1080" width="1838" height="347" />
    <size key="GridCell.Tab.2.right.1728.0.1920.1080" width="1838" height="347" />
    <size key="GridCell.Tab.2.bottom.1728.0.1920.1080" width="1838" height="347" />
    <size key="GridCell.Tab.3.left.1728.0.1920.1080" width="1838" height="347" />
    <size key="GridCell.Tab.3.center.1728.0.1920.1080" width="1838" height="347" />
    <size key="GridCell.Tab.3.right.1728.0.1920.1080" width="1838" height="347" />
    <size key="GridCell.Tab.3.bottom.1728.0.1920.1080" width="1838" height="347" />
    <size key="find.popup.-2560.-323.2560.1440" width="1503" height="1114" />
    <size key="find.popup.1728.57.1920.1080" width="1128" height="836" />
  </component>
  <component name="WindowManager">
    <frame x="164" y="77" width="1400" height="1000" extendedState="6" fullScreen="true" />
  </component>
  <component name="WindowStateApplicationService">
    <state width="1416" height="519" key="ShowUsagesActions.dimensionServiceKey" timestamp="1742990652330">
      <screen x="0" y="32" width="1728" height="1085" />
    </state>
    <state width="1562" height="111" key="ShowUsagesActions.dimensionServiceKey/-1728.38.1728.1079/1920.0.1920.1080/0.25.1920.1055" timestamp="1741611605259" />
    <state width="1029" height="135" key="ShowUsagesActions.dimensionServiceKey/-1728.38.1728.1079/1920.25.1920.1055/0.0.1920.1080" timestamp="1741614800036" />
    <state width="1391" height="327" key="ShowUsagesActions.dimensionServiceKey/-3648.38.1728.1079/-1920.0.1920.1080/0.25.1920.1055" timestamp="1741274691899" />
    <state width="1093" height="159" key="ShowUsagesActions.dimensionServiceKey/-3648.38.1728.1079/0.25.1920.1055/-1920.0.1920.1080" timestamp="1741262393446" />
    <state width="1066" height="567" key="ShowUsagesActions.dimensionServiceKey/0.32.1728.1085" timestamp="1742908230575" />
    <state width="1416" height="519" key="ShowUsagesActions.dimensionServiceKey/0.32.1728.1085/-192.-1055.1920.1055" timestamp="1742990652330" />
    <state width="1033" height="135" key="ShowUsagesActions.dimensionServiceKey/0.32.1728.1085/1728.25.1920.1055" timestamp="1740484816100" />
    <state width="1187" height="447" key="ShowUsagesActions.dimensionServiceKey/0.38.1728.1079/-192.-1055.1920.1055" timestamp="1742729080900" />
    <state width="1070" height="615" key="ShowUsagesActions.dimensionServiceKey/0.38.1728.1079/-192.-1080.1920.1080" timestamp="1742376049382" />
    <state width="1331" height="183" key="ShowUsagesActions.dimensionServiceKey/0.38.1728.1079/1728.-323.2560.1440" timestamp="1742202016787" />
    <state width="1399" height="351" key="ShowUsagesActions.dimensionServiceKey/0.38.1728.1079/1728.-323.2560.1440/4288.25.1920.1055" timestamp="1742213772403" />
    <state width="726" height="475" key="ShowUsagesActions.dimensionServiceKey/0.38.1728.1079/1728.0.1920.1080" timestamp="1741697494972" />
    <state width="1011" height="279" key="ShowUsagesActions.dimensionServiceKey/0.38.1728.1079/1728.25.1920.1055" timestamp="1740909180746" />
    <state width="1524" height="135" key="ShowUsagesActions.dimensionServiceKey/0.38.1728.1079/3648.23.1920.1055/1728.57.1920.1080" timestamp="1740401128048" />
    <state width="1118" height="135" key="ShowUsagesActions.dimensionServiceKey/0.38.1728.1079/3648.25.1920.1055/1728.0.1920.1080" timestamp="1742117221473" />
  </component>
</application>