<keymap version="1" name="Default copy 1" parent="Mac OS X 10.5+">
  <action id="ActivatePullRequestsToolWindow">
    <keyboard-shortcut first-keystroke="shift ctrl meta p" second-keystroke="r" />
  </action>
  <action id="ActivateRunToolWindow">
    <keyboard-shortcut first-keystroke="meta 4" />
    <keyboard-shortcut first-keystroke="meta alt comma" />
  </action>
  <action id="ActivateTODOToolWindow">
    <keyboard-shortcut first-keystroke="shift ctrl meta 2" />
  </action>
  <action id="ActivateTerminalToolWindow">
    <keyboard-shortcut first-keystroke="alt f12" />
    <keyboard-shortcut first-keystroke="meta alt j" />
  </action>
  <action id="Annotate">
    <keyboard-shortcut first-keystroke="shift ctrl meta g" />
  </action>
  <action id="Arrangement.Alias.Rule.Edit" />
  <action id="Arrangement.Rule.Edit" />
  <action id="ChangesView.Rename">
    <keyboard-shortcut first-keystroke="shift f6" />
  </action>
  <action id="ChangesView.Revert">
    <keyboard-shortcut first-keystroke="meta alt z" />
    <keyboard-shortcut first-keystroke="shift ctrl meta z" />
  </action>
  <action id="CloseAllEditors">
    <keyboard-shortcut first-keystroke="ctrl back_space" />
  </action>
  <action id="CloseAllEditorsButActive">
    <keyboard-shortcut first-keystroke="shift ctrl meta o" />
  </action>
  <action id="CloseProject">
    <keyboard-shortcut first-keystroke="ctrl meta c" />
  </action>
  <action id="CreateVueSingleFileComp">
    <keyboard-shortcut first-keystroke="shift ctrl meta v" />
  </action>
  <action id="EditorNextWordInDifferentHumpsMode">
    <keyboard-shortcut first-keystroke="shift ctrl meta right" />
  </action>
  <action id="EditorNextWordInDifferentHumpsModeWithSelection">
    <keyboard-shortcut first-keystroke="shift ctrl alt right" />
  </action>
  <action id="EditorSelectWord">
    <keyboard-shortcut first-keystroke="alt up" />
    <keyboard-shortcut first-keystroke="alt w" />
  </action>
  <action id="EditorUnSelectWord">
    <keyboard-shortcut first-keystroke="alt down" />
    <keyboard-shortcut first-keystroke="shift alt w" />
  </action>
  <action id="ExtractInterface">
    <keyboard-shortcut first-keystroke="shift ctrl meta e" />
  </action>
  <action id="FileChooser.LightEditGotoOpenedFile">
    <keyboard-shortcut first-keystroke="shift ctrl meta w" />
  </action>
  <action id="Git.Branches">
    <keyboard-shortcut first-keystroke="shift ctrl meta period" />
  </action>
  <action id="Git.CompareWithBranch">
    <keyboard-shortcut first-keystroke="shift ctrl meta b" />
  </action>
  <action id="Git.Pull">
    <keyboard-shortcut first-keystroke="shift meta t" />
  </action>
  <action id="Git.Reword.Commit">
    <keyboard-shortcut first-keystroke="shift f6" />
  </action>
  <action id="GotoNextError">
    <keyboard-shortcut first-keystroke="ctrl meta e" />
  </action>
  <action id="GotoTest" />
  <action id="Images.ShowThumbnails" />
  <action id="JsonCopyPointer">
    <keyboard-shortcut first-keystroke="shift ctrl meta x" />
  </action>
  <action id="LocalHistory.ShowHistory">
    <keyboard-shortcut first-keystroke="shift ctrl meta l" />
  </action>
  <action id="MembersPullUp">
    <keyboard-shortcut first-keystroke="shift ctrl meta i" />
  </action>
  <action id="NewDir">
    <keyboard-shortcut first-keystroke="shift ctrl meta d" />
  </action>
  <action id="NewFile">
    <keyboard-shortcut first-keystroke="shift ctrl meta n" />
  </action>
  <action id="NewHtmlFile">
    <keyboard-shortcut first-keystroke="shift ctrl meta h" />
  </action>
  <action id="NewJavaScriptFile">
    <keyboard-shortcut first-keystroke="shift ctrl meta j" />
  </action>
  <action id="NewTypeScriptFile">
    <keyboard-shortcut first-keystroke="shift ctrl meta t" />
  </action>
  <action id="OpenFile">
    <keyboard-shortcut first-keystroke="ctrl meta o" />
  </action>
  <action id="OpenInlineChatAction">
    <keyboard-shortcut first-keystroke="shift ctrl g" />
  </action>
  <action id="ReactExtractComponentAction">
    <keyboard-shortcut first-keystroke="shift meta alt e" />
  </action>
  <action id="RenameElement">
    <keyboard-shortcut first-keystroke="shift f6" />
    <keyboard-shortcut first-keystroke="f2" />
  </action>
  <action id="RerunTests">
    <keyboard-shortcut first-keystroke="shift alt r" />
  </action>
  <action id="Resume">
    <keyboard-shortcut first-keystroke="meta alt r" />
    <keyboard-shortcut first-keystroke="f9" />
    <keyboard-shortcut first-keystroke="ctrl meta r" />
    <keyboard-shortcut first-keystroke="ctrl c" />
  </action>
  <action id="RunDashboard.ShowConfigurations" />
  <action id="Scala.ShowImplicits">
    <keyboard-shortcut first-keystroke="shift ctrl alt equals" />
    <keyboard-shortcut first-keystroke="shift ctrl alt add" />
  </action>
  <action id="ShelvedChanges.Rename">
    <keyboard-shortcut first-keystroke="shift f6" />
  </action>
  <action id="SplitHorizontally">
    <keyboard-shortcut first-keystroke="shift ctrl meta s" second-keystroke="d" />
  </action>
  <action id="SplitVertically">
    <keyboard-shortcut first-keystroke="shift ctrl meta s" second-keystroke="r" />
  </action>
  <action id="Stop">
    <keyboard-shortcut first-keystroke="meta f2" />
    <keyboard-shortcut first-keystroke="shift ctrl meta r" />
  </action>
  <action id="SurroundWithLiveTemplate" />
  <action id="Unwrap">
    <keyboard-shortcut first-keystroke="shift meta delete" />
    <keyboard-shortcut first-keystroke="shift ctrl meta back_space" />
    <keyboard-shortcut first-keystroke="shift ctrl meta u" />
  </action>
  <action id="Vcs.Log.AnnotateRevisionAction">
    <keyboard-shortcut first-keystroke="shift ctrl meta g" />
  </action>
  <action id="Vcs.ShowTabbedFileHistory">
    <keyboard-shortcut first-keystroke="ctrl meta l" />
  </action>
  <action id="XDebugger.EditWatch" />
  <action id="XDebugger.SetValue" />
  <action id="angularCliGenerate">
    <keyboard-shortcut first-keystroke="shift ctrl meta a" />
  </action>
  <action id="tasks.close" />
</keymap>