<keymap version="1" name="Mac OS X 10.5+ copy 1" parent="Mac OS X 10.5+">
  <action id="Arrangement.Alias.Rule.Edit" />
  <action id="Arrangement.Rule.Edit" />
  <action id="Arrangement.Rule.Match.Condition.Move.Down" />
  <action id="ChangesView.Rename">
    <keyboard-shortcut first-keystroke="shift f6" />
  </action>
  <action id="ChangesView.ShelveSilently" />
  <action id="CloseContent">
    <keyboard-shortcut first-keystroke="alt w" />
  </action>
  <action id="CloseProject">
    <keyboard-shortcut first-keystroke="ctrl meta c" />
  </action>
  <action id="EditSource">
    <keyboard-shortcut first-keystroke="f4" />
  </action>
  <action id="EditorLookupUp" />
  <action id="EditorSelectWord">
    <keyboard-shortcut first-keystroke="alt up" />
    <keyboard-shortcut first-keystroke="meta up" />
    <keyboard-shortcut first-keystroke="ctrl up" />
    <keyboard-shortcut first-keystroke="ctrl meta w" />
    <keyboard-shortcut first-keystroke="meta alt w" />
    <keyboard-shortcut first-keystroke="meta w" />
  </action>
  <action id="EditorUnSelectWord">
    <keyboard-shortcut first-keystroke="alt down" />
    <keyboard-shortcut first-keystroke="meta down" />
    <keyboard-shortcut first-keystroke="shift meta w" />
  </action>
  <action id="Git.Reword.Commit">
    <keyboard-shortcut first-keystroke="shift f6" />
  </action>
  <action id="GotoNextError" />
  <action id="LocalHistory.ShowHistory">
    <keyboard-shortcut first-keystroke="meta alt h" />
  </action>
  <action id="MethodOverloadSwitchDown" />
  <action id="MethodUp" />
  <action id="NewJavaScriptFile">
    <keyboard-shortcut first-keystroke="shift ctrl meta j" />
  </action>
  <action id="NewTypeScriptFile">
    <keyboard-shortcut first-keystroke="shift ctrl meta t" />
  </action>
  <action id="NextProjectWindow">
    <keyboard-shortcut first-keystroke="meta alt back_quote" />
    <keyboard-shortcut first-keystroke="meta back_quote" />
    <keyboard-shortcut first-keystroke="meta #10000a7" />
  </action>
  <action id="RenameElement">
    <keyboard-shortcut first-keystroke="shift f6" />
    <keyboard-shortcut first-keystroke="f2" />
  </action>
  <action id="Resume">
    <keyboard-shortcut first-keystroke="f9" />
  </action>
  <action id="RevealIn">
    <keyboard-shortcut first-keystroke="ctrl meta e" />
  </action>
  <action id="Run">
    <keyboard-shortcut first-keystroke="ctrl r" />
    <keyboard-shortcut first-keystroke="meta alt r" />
  </action>
  <action id="ShelvedChanges.Rename">
    <keyboard-shortcut first-keystroke="shift f6" />
  </action>
  <action id="ShowNavBar">
    <keyboard-shortcut first-keystroke="alt home" />
  </action>
  <action id="Stop">
    <keyboard-shortcut first-keystroke="meta f2" />
    <keyboard-shortcut first-keystroke="ctrl s" />
  </action>
  <action id="SurroundWith">
    <keyboard-shortcut first-keystroke="meta alt t" />
    <keyboard-shortcut first-keystroke="ctrl meta t" />
  </action>
  <action id="Unwrap">
    <keyboard-shortcut first-keystroke="shift meta delete" />
    <keyboard-shortcut first-keystroke="shift ctrl meta r" />
  </action>
  <action id="Vcs.EditSource">
    <keyboard-shortcut first-keystroke="f4" />
  </action>
  <action id="XDebugger.EditWatch" />
  <action id="XDebugger.JumpToSource">
    <keyboard-shortcut first-keystroke="f4" />
  </action>
  <action id="XDebugger.SetValue" />
</keymap>