<keymap version="1" name="Mac OS X 10.5+ copy" parent="Mac OS X 10.5+">
  <action id="ChooseRunConfiguration" />
  <action id="CloseContent">
    <keyboard-shortcut first-keystroke="shift meta alt w" />
  </action>
  <action id="CloseProject">
    <keyboard-shortcut first-keystroke="ctrl meta c" />
  </action>
  <action id="DumpLookupElementWeights" />
  <action id="EditorSelectWord">
    <keyboard-shortcut first-keystroke="alt up" />
    <keyboard-shortcut first-keystroke="meta w" />
  </action>
  <action id="EditorUnSelectWord">
    <keyboard-shortcut first-keystroke="alt down" />
    <keyboard-shortcut first-keystroke="shift meta w" />
  </action>
  <action id="Images.Thumbnails.Hide" />
  <action id="OpenInBrowser">
    <keyboard-shortcut first-keystroke="ctrl alt r" />
  </action>
  <action id="RearrangeCode">
    <keyboard-shortcut first-keystroke="shift meta l" />
  </action>
  <action id="SwitchApply">
    <keyboard-shortcut first-keystroke="ctrl alt enter" />
  </action>
  <action id="SwitchDown">
    <keyboard-shortcut first-keystroke="ctrl alt down" />
  </action>
  <action id="SwitchLeft">
    <keyboard-shortcut first-keystroke="ctrl alt left" />
  </action>
  <action id="SwitchRight">
    <keyboard-shortcut first-keystroke="ctrl alt right" />
  </action>
  <action id="SwitchUp">
    <keyboard-shortcut first-keystroke="ctrl alt up" />
  </action>
</keymap>