<keymap version="1" name="Default copy 0" parent="$default">
  <action id="CallHierarchy" />
  <action id="CloseActiveTab">
    <keyboard-shortcut first-keystroke="shift ctrl f4" />
    <keyboard-shortcut first-keystroke="meta w" />
  </action>
  <action id="CloseProject">
    <keyboard-shortcut first-keystroke="ctrl alt c" />
  </action>
  <action id="Console.History.Browse" />
  <action id="EditorLookupDown" />
  <action id="EditorLookupUp" />
  <action id="EditorScrollDown" />
  <action id="EditorScrollUp" />
  <action id="EditorSelectWord">
    <keyboard-shortcut first-keystroke="ctrl w" />
    <keyboard-shortcut first-keystroke="ctrl up" />
  </action>
  <action id="EditorToggleUseSoftWraps">
    <keyboard-shortcut first-keystroke="shift alt s" />
  </action>
  <action id="EditorUnSelectWord">
    <keyboard-shortcut first-keystroke="shift ctrl w" />
    <keyboard-shortcut first-keystroke="ctrl down" />
  </action>
  <action id="GotoNextError" />
  <action id="IntroduceConstant" />
  <action id="LocalHistory.ShowHistory">
    <keyboard-shortcut first-keystroke="ctrl alt h" />
  </action>
  <action id="OpenFile">
    <keyboard-shortcut first-keystroke="ctrl alt o" />
  </action>
  <action id="OpenInBrowser">
    <keyboard-shortcut first-keystroke="ctrl alt r" />
  </action>
  <action id="OptimizeImports" />
  <action id="PerforceDirect.Edit" />
  <action id="QuickJavaDoc">
    <mouse-shortcut keystroke="alt button2" />
  </action>
  <action id="RenameElement">
    <keyboard-shortcut first-keystroke="shift f6" />
    <keyboard-shortcut first-keystroke="f2" />
  </action>
  <action id="RevealIn">
    <keyboard-shortcut first-keystroke="ctrl alt e" />
  </action>
  <action id="SwitchApply">
    <keyboard-shortcut first-keystroke="shift alt enter" />
  </action>
  <action id="SwitchDown">
    <keyboard-shortcut first-keystroke="shift alt down" />
  </action>
  <action id="SwitchLeft">
    <keyboard-shortcut first-keystroke="shift alt left" />
  </action>
  <action id="SwitchRight">
    <keyboard-shortcut first-keystroke="shift alt right" />
  </action>
  <action id="SwitchUp">
    <keyboard-shortcut first-keystroke="shift alt up" />
  </action>
  <action id="context.save" />
</keymap>