<application>
  <component name="FileTypeManager" version="19">
    <extensionMap>
      <mapping pattern="_variables.scss" type="AUTO_DETECTED" />
      <mapping pattern="finance-app-theme.scss" type="AUTO_DETECTED" />
      <mapping pattern="ProfilePicModal" type="JavaScript" />
      <mapping pattern=".dockerignore" type="PLAIN_TEXT" />
      <mapping pattern=".env" type="PLAIN_TEXT" />
      <mapping pattern="env-shell-example" type="PLAIN_TEXT" />
      <mapping pattern="ProfilePicModal.js" type="PLAIN_TEXT" />
      <mapping pattern=".secrets" type="PLAIN_TEXT" />
      <mapping pattern="dot-env-sample" type="PLAIN_TEXT" />
      <mapping ext="example" type="PLAIN_TEXT" />
      <mapping ext="cer" type="PLAIN_TEXT" />
      <removed_mapping ext="apk" approved="true" type="ARCHIVE" />
      <removed_mapping ext="psd" approved="true" type="Image" />
      <removed_mapping pattern=".dockerignore" approved="true" type="DockerIgnore file" />
      <mapping ext="adapter" type="TypeScript" />
      <mapping pattern="ProfilePicModal" type="JavaScript" />
      <mapping pattern="i-mailer-adapter" type="TypeScript" />
      <mapping pattern="i-send-mail-params" type="TypeScript" />
      <mapping pattern="i-send-mail-with-attachment-params" type="TypeScript" />
    </extensionMap>
  </component>
</application>