<application>
  <component name="UISettings">
    <option name="LEFT_HORIZONTAL_SPLIT" value="true" />
    <option name="MAX_LOOKUP_LIST_HEIGHT" value="18" />
    <option name="MAX_LOOKUP_WIDTH2" value="585" />
    <option name="OPEN_IN_PREVIEW_TAB_IF_POSSIBLE" value="true" />
    <option name="PRESENTATION_MODE_FONT_SIZE" value="36" />
    <option name="SHOW_EDITOR_TOOLTIP" value="false" />
    <option name="SHOW_NAVIGATION_BAR" value="false" />
    <option name="WIDESCREEN_SUPPORT" value="true" />
  </component>
</application>